CustomerID,Gender,City,Tier,SignupDate
CUST-0001,Male,Chennai,Metro,17-11-2022
CUST-0002,Female,Hyderabad,Metro,14-08-2022
CUST-0003,Female,Delhi,Metro,01-05-2022
CUST-0004,Female,Chennai,Metro,13-06-2022
CUST-0005,Female,Lucknow,Non-Metro,12-03-2022
CUST-0006,Female,Bangalore,Metro,16-07-2022
CUST-0007,Female,Bangalore,Metro,02-02-2022
CUST-0008,Male,Kolkata,Metro,19-06-2022
CUST-0009,Male,Lucknow,Non-Metro,01-08-2022
CUST-0010,Female,Mumbai,Metro,04-08-2022
CUST-0011,Female,Kolkata,Metro,22-10-2022
CUST-0012,Male,Kolkata,Metro,04-01-2022
CUST-0013,Female,Pune,Metro,19-07-2022
CUST-0014,Female,Kolkata,Metro,07-09-2022
CUST-0015,Female,Hyderabad,Metro,12-08-2022
CUST-0016,Female,Ahmedabad,Non-Metro,19-07-2022
CUST-0017,Male,Pune,Metro,26-03-2022
CUST-0018,Female,Ahmedabad,Non-Metro,15-11-2022
CUST-0019,Female,Lucknow,Non-Metro,21-07-2022
CUST-0020,Female,Jaipur,Non-Metro,12-02-2022
CUST-0021,Female,Kolkata,Metro,25-08-2022
CUST-0022,Female,Bangalore,Metro,14-05-2022
CUST-0023,Female,Kolkata,Metro,19-04-2022
CUST-0024,Female,Ahmedabad,Non-Metro,22-06-2022
CUST-0025,Female,Kolkata,Metro,04-08-2022
CUST-0026,Female,Chennai,Metro,29-08-2022
CUST-0027,Female,Mumbai,Metro,29-06-2022
CUST-0028,Female,Hyderabad,Metro,30-11-2022
CUST-0029,Female,Mumbai,Metro,07-05-2022
CUST-0030,Female,Hyderabad,Metro,15-11-2022
CUST-0031,Female,Bangalore,Metro,06-03-2022
CUST-0032,Female,Ahmedabad,Non-Metro,16-10-2022
CUST-0033,Male,Hyderabad,Metro,25-12-2022
CUST-0034,Female,Chennai,Metro,27-03-2022
CUST-0035,Female,Jaipur,Non-Metro,25-03-2022
CUST-0036,Female,Chennai,Metro,24-10-2022
CUST-0037,Female,Mumbai,Metro,22-10-2022
CUST-0038,Male,Kolkata,Metro,12-04-2022
CUST-0039,Female,Delhi,Metro,22-02-2022
CUST-0040,Female,Chennai,Metro,17-10-2022
CUST-0041,Female,Mumbai,Metro,30-09-2022
CUST-0042,Female,Kolkata,Metro,05-02-2022
CUST-0043,Female,Lucknow,Non-Metro,07-01-2022
CUST-0044,Male,Kolkata,Metro,24-02-2022
CUST-0045,Female,Kolkata,Metro,22-11-2022
CUST-0046,Female,Ahmedabad,Non-Metro,11-08-2022
CUST-0047,Female,Bangalore,Metro,12-11-2022
CUST-0048,Male,Lucknow,Non-Metro,27-08-2022
CUST-0049,Female,Kolkata,Metro,15-06-2022
CUST-0050,Female,Hyderabad,Metro,23-05-2022
CUST-0051,Female,Ahmedabad,Non-Metro,26-08-2022
CUST-0052,Male,Jaipur,Non-Metro,22-06-2022
CUST-0053,Male,Mumbai,Metro,16-06-2022
CUST-0054,Male,Bangalore,Metro,19-04-2022
CUST-0055,Female,Pune,Metro,24-06-2022
CUST-0056,Female,Chennai,Metro,12-10-2022
CUST-0057,Female,Mumbai,Metro,13-02-2022
CUST-0058,Male,Hyderabad,Metro,08-09-2022
CUST-0059,Female,Lucknow,Non-Metro,20-12-2022
CUST-0060,Male,Ahmedabad,Non-Metro,18-08-2022
CUST-0061,Female,Mumbai,Metro,31-05-2022
CUST-0062,Male,Hyderabad,Metro,21-12-2022
CUST-0063,Female,Hyderabad,Metro,06-12-2022
CUST-0064,Female,Jaipur,Non-Metro,31-08-2022
CUST-0065,Female,Lucknow,Non-Metro,06-08-2022
CUST-0066,Female,Lucknow,Non-Metro,30-06-2022
CUST-0067,Female,Ahmedabad,Non-Metro,06-06-2022
CUST-0068,Female,Chennai,Metro,03-03-2022
CUST-0069,Female,Hyderabad,Metro,03-03-2022
CUST-0070,Female,Lucknow,Non-Metro,09-04-2022
CUST-0071,Male,Hyderabad,Metro,22-05-2022
CUST-0072,Female,Jaipur,Non-Metro,21-02-2022
CUST-0073,Female,Hyderabad,Metro,27-04-2022
CUST-0074,Female,Pune,Metro,04-06-2022
CUST-0075,Female,Mumbai,Metro,21-05-2022
CUST-0076,Female,Mumbai,Metro,11-10-2022
CUST-0077,Female,Chennai,Metro,23-11-2022
CUST-0078,Female,Ahmedabad,Non-Metro,07-01-2022
CUST-0079,Female,Jaipur,Non-Metro,29-08-2022
CUST-0080,Male,Ahmedabad,Non-Metro,24-06-2022
CUST-0081,Female,Bangalore,Metro,10-05-2022
CUST-0082,Female,Ahmedabad,Non-Metro,03-02-2022
CUST-0083,Male,Kolkata,Metro,07-02-2022
CUST-0084,Female,Jaipur,Non-Metro,19-03-2022
CUST-0085,Female,Bangalore,Metro,13-02-2022
CUST-0086,Female,Hyderabad,Metro,13-10-2022
CUST-0087,Female,Kolkata,Metro,25-09-2022
CUST-0088,Male,Kolkata,Metro,15-08-2022
CUST-0089,Male,Chennai,Metro,06-06-2022
CUST-0090,Female,Jaipur,Non-Metro,09-11-2022
CUST-0091,Female,Delhi,Metro,17-11-2022
CUST-0092,Female,Hyderabad,Metro,05-12-2022
CUST-0093,Female,Delhi,Metro,03-05-2022
CUST-0094,Female,Bangalore,Metro,22-03-2022
CUST-0095,Male,Mumbai,Metro,19-08-2022
CUST-0096,Male,Jaipur,Non-Metro,30-05-2022
CUST-0097,Female,Mumbai,Metro,28-05-2022
CUST-0098,Male,Chennai,Metro,06-02-2022
CUST-0099,Female,Hyderabad,Metro,17-11-2022
CUST-0100,Female,Jaipur,Non-Metro,06-08-2022
CUST-0101,Female,Delhi,Metro,28-11-2022
CUST-0102,Female,Bangalore,Metro,14-03-2022
CUST-0103,Female,Delhi,Metro,26-03-2022
CUST-0104,Female,Chennai,Metro,13-08-2022
CUST-0105,Male,Delhi,Metro,19-12-2022
CUST-0106,Male,Chennai,Metro,20-05-2022
CUST-0107,Male,Lucknow,Non-Metro,13-08-2022
CUST-0108,Female,Delhi,Metro,10-08-2022
CUST-0109,Female,Pune,Metro,14-01-2022
CUST-0110,Female,Delhi,Metro,12-12-2022
CUST-0111,Female,Jaipur,Non-Metro,11-12-2022
CUST-0112,Female,Chennai,Metro,31-03-2022
CUST-0113,Male,Ahmedabad,Non-Metro,23-05-2022
CUST-0114,Male,Bangalore,Metro,22-11-2022
CUST-0115,Female,Ahmedabad,Non-Metro,29-08-2022
CUST-0116,Male,Pune,Metro,20-06-2022
CUST-0117,Female,Pune,Metro,24-03-2022
CUST-0118,Male,Pune,Metro,22-12-2022
CUST-0119,Female,Ahmedabad,Non-Metro,06-12-2022
CUST-0120,Female,Kolkata,Metro,21-08-2022
CUST-0121,Female,Delhi,Metro,10-05-2022
CUST-0122,Female,Pune,Metro,26-07-2022
CUST-0123,Female,Lucknow,Non-Metro,03-12-2022
CUST-0124,Male,Lucknow,Non-Metro,31-07-2022
CUST-0125,Female,Mumbai,Metro,23-09-2022
CUST-0126,Male,Pune,Metro,17-11-2022
CUST-0127,Female,Ahmedabad,Non-Metro,15-04-2022
CUST-0128,Female,Chennai,Metro,28-05-2022
CUST-0129,Male,Ahmedabad,Non-Metro,04-03-2022
CUST-0130,Female,Mumbai,Metro,30-12-2022
CUST-0131,Female,Bangalore,Metro,10-10-2022
CUST-0132,Male,Mumbai,Metro,17-02-2022
CUST-0133,Female,Hyderabad,Metro,25-08-2022
CUST-0134,Female,Delhi,Metro,13-09-2022
CUST-0135,Female,Chennai,Metro,01-08-2022
CUST-0136,Male,Ahmedabad,Non-Metro,05-05-2022
CUST-0137,Female,Ahmedabad,Non-Metro,16-07-2022
CUST-0138,Female,Hyderabad,Metro,05-02-2022
CUST-0139,Male,Chennai,Metro,24-06-2022
CUST-0140,Female,Lucknow,Non-Metro,02-01-2022
CUST-0141,Female,Chennai,Metro,28-10-2022
CUST-0142,Male,Jaipur,Non-Metro,18-03-2022
CUST-0143,Male,Ahmedabad,Non-Metro,26-06-2022
CUST-0144,Male,Pune,Metro,22-08-2022
CUST-0145,Female,Pune,Metro,24-12-2022
CUST-0146,Male,Hyderabad,Metro,30-04-2022
CUST-0147,Female,Kolkata,Metro,12-06-2022
CUST-0148,Male,Ahmedabad,Non-Metro,17-07-2022
CUST-0149,Male,Bangalore,Metro,19-01-2022
CUST-0150,Female,Bangalore,Metro,21-02-2022
CUST-0151,Female,Ahmedabad,Non-Metro,27-09-2022
CUST-0152,Female,Ahmedabad,Non-Metro,15-03-2022
CUST-0153,Female,Kolkata,Metro,08-02-2022
CUST-0154,Female,Ahmedabad,Non-Metro,23-06-2022
CUST-0155,Male,Jaipur,Non-Metro,29-11-2022
CUST-0156,Female,Delhi,Metro,12-12-2022
CUST-0157,Male,Lucknow,Non-Metro,12-06-2022
CUST-0158,Female,Ahmedabad,Non-Metro,13-11-2022
CUST-0159,Female,Delhi,Metro,20-11-2022
CUST-0160,Female,Chennai,Metro,16-02-2022
CUST-0161,Female,Kolkata,Metro,21-11-2022
CUST-0162,Male,Delhi,Metro,27-03-2022
CUST-0163,Female,Chennai,Metro,24-01-2022
CUST-0164,Female,Pune,Metro,31-05-2022
CUST-0165,Female,Pune,Metro,09-08-2022
CUST-0166,Female,Bangalore,Metro,29-09-2022
CUST-0167,Female,Kolkata,Metro,29-03-2022
CUST-0168,Female,Bangalore,Metro,09-11-2022
CUST-0169,Female,Kolkata,Metro,12-09-2022
CUST-0170,Female,Jaipur,Non-Metro,29-04-2022
CUST-0171,Female,Ahmedabad,Non-Metro,24-08-2022
CUST-0172,Female,Chennai,Metro,27-08-2022
CUST-0173,Female,Chennai,Metro,07-02-2022
CUST-0174,Female,Ahmedabad,Non-Metro,28-10-2022
CUST-0175,Male,Chennai,Metro,20-12-2022
CUST-0176,Male,Chennai,Metro,04-06-2022
CUST-0177,Male,Hyderabad,Metro,05-09-2022
CUST-0178,Female,Delhi,Metro,15-07-2022
CUST-0179,Female,Jaipur,Non-Metro,22-10-2022
CUST-0180,Female,Chennai,Metro,12-01-2022
CUST-0181,Female,Kolkata,Metro,05-01-2022
CUST-0182,Female,Jaipur,Non-Metro,07-11-2022
CUST-0183,Female,Ahmedabad,Non-Metro,28-04-2022
CUST-0184,Female,Jaipur,Non-Metro,23-04-2022
CUST-0185,Female,Hyderabad,Metro,14-12-2022
CUST-0186,Female,Bangalore,Metro,18-11-2022
CUST-0187,Female,Mumbai,Metro,14-08-2022
CUST-0188,Female,Mumbai,Metro,09-03-2022
CUST-0189,Female,Delhi,Metro,17-06-2022
CUST-0190,Female,Kolkata,Metro,13-04-2022
CUST-0191,Female,Bangalore,Metro,29-09-2022
CUST-0192,Female,Lucknow,Non-Metro,26-03-2022
CUST-0193,Male,Chennai,Metro,01-06-2022
CUST-0194,Female,Pune,Metro,28-08-2022
CUST-0195,Female,Delhi,Metro,26-04-2022
CUST-0196,Female,Kolkata,Metro,16-02-2022
CUST-0197,Female,Kolkata,Metro,16-05-2022
CUST-0198,Female,Lucknow,Non-Metro,21-08-2022
CUST-0199,Female,Pune,Metro,27-10-2022
CUST-0200,Female,Kolkata,Metro,25-02-2022
CUST-0201,Male,Hyderabad,Metro,13-01-2022
CUST-0202,Female,Jaipur,Non-Metro,09-11-2022
CUST-0203,Female,Hyderabad,Metro,22-11-2022
CUST-0204,Female,Ahmedabad,Non-Metro,29-11-2022
CUST-0205,Female,Kolkata,Metro,13-03-2022
CUST-0206,Female,Mumbai,Metro,05-06-2022
CUST-0207,Female,Ahmedabad,Non-Metro,19-02-2022
CUST-0208,Female,Hyderabad,Metro,18-07-2022
CUST-0209,Female,Ahmedabad,Non-Metro,10-12-2022
CUST-0210,Male,Lucknow,Non-Metro,28-10-2022
CUST-0211,Male,Bangalore,Metro,02-12-2022
CUST-0212,Male,Delhi,Metro,12-11-2022
CUST-0213,Female,Kolkata,Metro,17-01-2022
CUST-0214,Female,Pune,Metro,16-08-2022
CUST-0215,Female,Ahmedabad,Non-Metro,05-07-2022
CUST-0216,Female,Delhi,Metro,06-10-2022
CUST-0217,Female,Pune,Metro,23-07-2022
CUST-0218,Female,Chennai,Metro,04-03-2022
CUST-0219,Female,Ahmedabad,Non-Metro,06-12-2022
CUST-0220,Female,Hyderabad,Metro,26-01-2022
CUST-0221,Female,Pune,Metro,06-03-2022
CUST-0222,Female,Jaipur,Non-Metro,05-02-2022
CUST-0223,Female,Lucknow,Non-Metro,28-10-2022
CUST-0224,Female,Hyderabad,Metro,18-06-2022
CUST-0225,Female,Bangalore,Metro,22-05-2022
CUST-0226,Female,Bangalore,Metro,04-10-2022
CUST-0227,Female,Chennai,Metro,26-02-2022
CUST-0228,Female,Mumbai,Metro,08-01-2022
CUST-0229,Female,Pune,Metro,29-10-2022
CUST-0230,Female,Pune,Metro,31-03-2022
CUST-0231,Female,Chennai,Metro,06-03-2022
CUST-0232,Female,Kolkata,Metro,02-02-2022
CUST-0233,Male,Ahmedabad,Non-Metro,05-07-2022
CUST-0234,Female,Lucknow,Non-Metro,20-08-2022
CUST-0235,Female,Lucknow,Non-Metro,11-11-2022
CUST-0236,Female,Mumbai,Metro,23-08-2022
CUST-0237,Female,Mumbai,Metro,03-09-2022
CUST-0238,Male,Kolkata,Metro,18-12-2022
CUST-0239,Male,Delhi,Metro,31-12-2022
CUST-0240,Female,Ahmedabad,Non-Metro,11-02-2022
CUST-0241,Female,Pune,Metro,03-02-2022
CUST-0242,Female,Bangalore,Metro,16-11-2022
CUST-0243,Female,Jaipur,Non-Metro,15-07-2022
CUST-0244,Female,Jaipur,Non-Metro,21-08-2022
CUST-0245,Male,Lucknow,Non-Metro,20-02-2022
CUST-0246,Female,Delhi,Metro,09-08-2022
CUST-0247,Female,Ahmedabad,Non-Metro,31-07-2022
CUST-0248,Male,Pune,Metro,24-07-2022
CUST-0249,Female,Kolkata,Metro,10-06-2022
CUST-0250,Female,Kolkata,Metro,07-12-2022
CUST-0251,Female,Chennai,Metro,20-03-2022
CUST-0252,Female,Ahmedabad,Non-Metro,16-02-2022
CUST-0253,Female,Delhi,Metro,10-08-2022
CUST-0254,Female,Delhi,Metro,08-03-2022
CUST-0255,Female,Lucknow,Non-Metro,28-10-2022
CUST-0256,Female,Lucknow,Non-Metro,10-12-2022
CUST-0257,Male,Delhi,Metro,01-07-2022
CUST-0258,Female,Kolkata,Metro,28-05-2022
CUST-0259,Female,Jaipur,Non-Metro,30-06-2022
CUST-0260,Female,Delhi,Metro,21-03-2022
CUST-0261,Female,Ahmedabad,Non-Metro,25-02-2022
CUST-0262,Female,Pune,Metro,28-02-2022
CUST-0263,Female,Chennai,Metro,08-08-2022
CUST-0264,Female,Lucknow,Non-Metro,08-11-2022
CUST-0265,Female,Chennai,Metro,03-04-2022
CUST-0266,Female,Chennai,Metro,23-06-2022
CUST-0267,Female,Pune,Metro,03-04-2022
CUST-0268,Male,Bangalore,Metro,05-02-2022
CUST-0269,Female,Bangalore,Metro,16-02-2022
CUST-0270,Female,Lucknow,Non-Metro,12-07-2022
CUST-0271,Male,Kolkata,Metro,24-06-2022
CUST-0272,Female,Bangalore,Metro,09-06-2022
CUST-0273,Female,Pune,Metro,27-01-2022
CUST-0274,Female,Bangalore,Metro,13-11-2022
CUST-0275,Female,Mumbai,Metro,20-05-2022
CUST-0276,Male,Ahmedabad,Non-Metro,06-09-2022
CUST-0277,Male,Jaipur,Non-Metro,01-08-2022
CUST-0278,Female,Chennai,Metro,20-09-2022
CUST-0279,Female,Delhi,Metro,09-08-2022
CUST-0280,Female,Delhi,Metro,14-12-2022
CUST-0281,Male,Jaipur,Non-Metro,27-09-2022
CUST-0282,Female,Chennai,Metro,23-04-2022
CUST-0283,Female,Kolkata,Metro,04-01-2022
CUST-0284,Female,Hyderabad,Metro,19-04-2022
CUST-0285,Female,Bangalore,Metro,29-05-2022
CUST-0286,Female,Pune,Metro,04-01-2022
CUST-0287,Male,Ahmedabad,Non-Metro,31-03-2022
CUST-0288,Male,Bangalore,Metro,30-09-2022
CUST-0289,Female,Hyderabad,Metro,06-02-2022
CUST-0290,Female,Kolkata,Metro,12-08-2022
CUST-0291,Male,Mumbai,Metro,09-02-2022
CUST-0292,Male,Pune,Metro,21-10-2022
CUST-0293,Male,Kolkata,Metro,29-05-2022
CUST-0294,Male,Delhi,Metro,11-01-2022
CUST-0295,Female,Pune,Metro,13-11-2022
CUST-0296,Female,Ahmedabad,Non-Metro,15-02-2022
CUST-0297,Female,Kolkata,Metro,05-05-2022
CUST-0298,Male,Kolkata,Metro,26-09-2022
CUST-0299,Male,Delhi,Metro,08-06-2022
CUST-0300,Female,Pune,Metro,20-06-2022
CUST-0301,Female,Bangalore,Metro,19-09-2022
CUST-0302,Female,Delhi,Metro,28-06-2022
CUST-0303,Female,Pune,Metro,01-05-2022
CUST-0304,Female,Delhi,Metro,12-05-2022
CUST-0305,Female,Hyderabad,Metro,05-11-2022
CUST-0306,Female,Bangalore,Metro,01-04-2022
CUST-0307,Male,Ahmedabad,Non-Metro,16-10-2022
CUST-0308,Male,Jaipur,Non-Metro,15-12-2022
CUST-0309,Female,Jaipur,Non-Metro,18-11-2022
CUST-0310,Female,Pune,Metro,14-08-2022
CUST-0311,Male,Delhi,Metro,15-08-2022
CUST-0312,Female,Chennai,Metro,30-10-2022
CUST-0313,Female,Mumbai,Metro,17-09-2022
CUST-0314,Female,Delhi,Metro,25-08-2022
CUST-0315,Female,Ahmedabad,Non-Metro,30-01-2022
CUST-0316,Female,Pune,Metro,09-02-2022
CUST-0317,Male,Delhi,Metro,25-08-2022
CUST-0318,Female,Jaipur,Non-Metro,19-08-2022
CUST-0319,Female,Jaipur,Non-Metro,14-06-2022
CUST-0320,Male,Jaipur,Non-Metro,14-09-2022
CUST-0321,Female,Bangalore,Metro,19-08-2022
CUST-0322,Female,Delhi,Metro,01-01-2023
CUST-0323,Female,Delhi,Metro,21-01-2022
CUST-0324,Male,Hyderabad,Metro,13-08-2022
CUST-0325,Female,Lucknow,Non-Metro,06-07-2022
CUST-0326,Female,Pune,Metro,18-07-2022
CUST-0327,Female,Kolkata,Metro,14-12-2022
CUST-0328,Female,Jaipur,Non-Metro,20-11-2022
CUST-0329,Female,Pune,Metro,18-06-2022
CUST-0330,Male,Delhi,Metro,26-05-2022
CUST-0331,Female,Chennai,Metro,20-06-2022
CUST-0332,Female,Delhi,Metro,29-06-2022
CUST-0333,Male,Chennai,Metro,08-03-2022
CUST-0334,Female,Jaipur,Non-Metro,08-06-2022
CUST-0335,Male,Lucknow,Non-Metro,26-11-2022
CUST-0336,Female,Pune,Metro,10-12-2022
CUST-0337,Female,Lucknow,Non-Metro,27-11-2022
CUST-0338,Female,Kolkata,Metro,10-01-2022
CUST-0339,Female,Pune,Metro,03-04-2022
CUST-0340,Female,Hyderabad,Metro,06-09-2022
CUST-0341,Female,Hyderabad,Metro,12-03-2022
CUST-0342,Female,Bangalore,Metro,01-06-2022
CUST-0343,Female,Delhi,Metro,05-12-2022
CUST-0344,Female,Pune,Metro,02-11-2022
CUST-0345,Female,Kolkata,Metro,25-03-2022
CUST-0346,Female,Bangalore,Metro,13-08-2022
CUST-0347,Male,Mumbai,Metro,06-07-2022
CUST-0348,Male,Hyderabad,Metro,09-11-2022
CUST-0349,Male,Chennai,Metro,30-04-2022
CUST-0350,Female,Lucknow,Non-Metro,08-06-2022
CUST-0351,Female,Ahmedabad,Non-Metro,08-07-2022
CUST-0352,Male,Jaipur,Non-Metro,25-08-2022
CUST-0353,Male,Chennai,Metro,15-09-2022
CUST-0354,Male,Lucknow,Non-Metro,24-03-2022
CUST-0355,Female,Hyderabad,Metro,09-05-2022
CUST-0356,Male,Mumbai,Metro,10-07-2022
CUST-0357,Female,Lucknow,Non-Metro,31-12-2022
CUST-0358,Female,Lucknow,Non-Metro,26-05-2022
CUST-0359,Female,Delhi,Metro,20-05-2022
CUST-0360,Female,Ahmedabad,Non-Metro,12-08-2022
CUST-0361,Female,Delhi,Metro,19-08-2022
CUST-0362,Female,Pune,Metro,01-08-2022
CUST-0363,Male,Mumbai,Metro,15-09-2022
CUST-0364,Female,Pune,Metro,17-07-2022
CUST-0365,Female,Delhi,Metro,25-04-2022
CUST-0366,Female,Mumbai,Metro,20-02-2022
CUST-0367,Female,Pune,Metro,12-03-2022
CUST-0368,Female,Mumbai,Metro,30-08-2022
CUST-0369,Male,Bangalore,Metro,18-08-2022
CUST-0370,Female,Jaipur,Non-Metro,10-02-2022
CUST-0371,Female,Mumbai,Metro,21-04-2022
CUST-0372,Male,Bangalore,Metro,26-02-2022
CUST-0373,Female,Chennai,Metro,04-06-2022
CUST-0374,Female,Delhi,Metro,03-05-2022
CUST-0375,Male,Kolkata,Metro,02-02-2022
CUST-0376,Male,Delhi,Metro,02-11-2022
CUST-0377,Female,Lucknow,Non-Metro,20-11-2022
CUST-0378,Female,Lucknow,Non-Metro,15-03-2022
CUST-0379,Male,Chennai,Metro,01-01-2022
CUST-0380,Female,Jaipur,Non-Metro,04-05-2022
CUST-0381,Male,Jaipur,Non-Metro,06-04-2022
CUST-0382,Female,Delhi,Metro,04-02-2022
CUST-0383,Female,Lucknow,Non-Metro,19-07-2022
CUST-0384,Female,Ahmedabad,Non-Metro,22-11-2022
CUST-0385,Female,Kolkata,Metro,10-05-2022
CUST-0386,Female,Mumbai,Metro,04-02-2022
CUST-0387,Female,Pune,Metro,03-12-2022
CUST-0388,Female,Delhi,Metro,10-03-2022
CUST-0389,Female,Mumbai,Metro,07-10-2022
CUST-0390,Female,Pune,Metro,17-12-2022
CUST-0391,Male,Ahmedabad,Non-Metro,20-11-2022
CUST-0392,Female,Bangalore,Metro,02-02-2022
CUST-0393,Female,Ahmedabad,Non-Metro,31-05-2022
CUST-0394,Female,Hyderabad,Metro,13-04-2022
CUST-0395,Female,Mumbai,Metro,08-06-2022
CUST-0396,Male,Lucknow,Non-Metro,06-10-2022
CUST-0397,Female,Ahmedabad,Non-Metro,19-01-2022
CUST-0398,Female,Hyderabad,Metro,02-07-2022
CUST-0399,Female,Mumbai,Metro,20-05-2022
CUST-0400,Female,Delhi,Metro,12-08-2022
CUST-0401,Male,Kolkata,Metro,17-07-2022
CUST-0402,Female,Pune,Metro,12-09-2022
CUST-0403,Female,Ahmedabad,Non-Metro,23-09-2022
CUST-0404,Female,Chennai,Metro,06-08-2022
CUST-0405,Male,Delhi,Metro,05-11-2022
CUST-0406,Female,Bangalore,Metro,14-06-2022
CUST-0407,Female,Delhi,Metro,17-06-2022
CUST-0408,Female,Chennai,Metro,17-08-2022
CUST-0409,Male,Jaipur,Non-Metro,27-03-2022
CUST-0410,Female,Ahmedabad,Non-Metro,17-08-2022
CUST-0411,Female,Mumbai,Metro,11-11-2022
CUST-0412,Female,Kolkata,Metro,24-11-2022
CUST-0413,Female,Mumbai,Metro,10-12-2022
CUST-0414,Female,Kolkata,Metro,20-09-2022
CUST-0415,Female,Bangalore,Metro,15-03-2022
CUST-0416,Male,Jaipur,Non-Metro,18-01-2022
CUST-0417,Female,Bangalore,Metro,01-05-2022
CUST-0418,Female,Pune,Metro,16-07-2022
CUST-0419,Female,Jaipur,Non-Metro,06-11-2022
CUST-0420,Male,Bangalore,Metro,09-07-2022
CUST-0421,Male,Pune,Metro,09-02-2022
CUST-0422,Female,Jaipur,Non-Metro,29-09-2022
CUST-0423,Male,Pune,Metro,10-06-2022
CUST-0424,Female,Chennai,Metro,28-02-2022
CUST-0425,Female,Mumbai,Metro,13-09-2022
CUST-0426,Male,Lucknow,Non-Metro,15-10-2022
CUST-0427,Female,Delhi,Metro,14-05-2022
CUST-0428,Female,Ahmedabad,Non-Metro,10-11-2022
CUST-0429,Male,Chennai,Metro,13-04-2022
CUST-0430,Female,Delhi,Metro,07-02-2022
CUST-0431,Female,Ahmedabad,Non-Metro,01-01-2023
CUST-0432,Female,Ahmedabad,Non-Metro,16-12-2022
CUST-0433,Female,Pune,Metro,30-12-2022
CUST-0434,Female,Delhi,Metro,03-06-2022
CUST-0435,Female,Bangalore,Metro,05-07-2022
CUST-0436,Female,Lucknow,Non-Metro,04-03-2022
CUST-0437,Female,Hyderabad,Metro,02-05-2022
CUST-0438,Female,Ahmedabad,Non-Metro,04-07-2022
CUST-0439,Female,Lucknow,Non-Metro,28-08-2022
CUST-0440,Female,Lucknow,Non-Metro,10-11-2022
CUST-0441,Female,Delhi,Metro,08-06-2022
CUST-0442,Male,Kolkata,Metro,27-09-2022
CUST-0443,Male,Kolkata,Metro,22-10-2022
CUST-0444,Female,Delhi,Metro,12-06-2022
CUST-0445,Male,Delhi,Metro,27-08-2022
CUST-0446,Female,Lucknow,Non-Metro,07-03-2022
CUST-0447,Female,Lucknow,Non-Metro,08-03-2022
CUST-0448,Female,Kolkata,Metro,05-03-2022
CUST-0449,Female,Lucknow,Non-Metro,05-06-2022
CUST-0450,Female,Bangalore,Metro,15-06-2022
CUST-0451,Female,Hyderabad,Metro,23-09-2022
CUST-0452,Female,Chennai,Metro,09-05-2022
CUST-0453,Female,Hyderabad,Metro,06-03-2022
CUST-0454,Female,Chennai,Metro,15-09-2022
CUST-0455,Female,Bangalore,Metro,29-03-2022
CUST-0456,Female,Jaipur,Non-Metro,16-10-2022
CUST-0457,Female,Mumbai,Metro,11-02-2022
CUST-0458,Female,Mumbai,Metro,30-11-2022
CUST-0459,Male,Hyderabad,Metro,13-11-2022
CUST-0460,Male,Mumbai,Metro,18-11-2022
CUST-0461,Female,Lucknow,Non-Metro,25-11-2022
CUST-0462,Male,Chennai,Metro,06-05-2022
CUST-0463,Female,Kolkata,Metro,21-08-2022
CUST-0464,Female,Delhi,Metro,22-03-2022
CUST-0465,Male,Ahmedabad,Non-Metro,05-09-2022
CUST-0466,Female,Ahmedabad,Non-Metro,24-06-2022
CUST-0467,Female,Jaipur,Non-Metro,10-06-2022
CUST-0468,Female,Pune,Metro,24-07-2022
CUST-0469,Female,Bangalore,Metro,21-09-2022
CUST-0470,Female,Lucknow,Non-Metro,13-06-2022
CUST-0471,Male,Hyderabad,Metro,04-03-2022
CUST-0472,Male,Chennai,Metro,07-05-2022
CUST-0473,Female,Bangalore,Metro,26-01-2022
CUST-0474,Male,Chennai,Metro,12-11-2022
CUST-0475,Female,Kolkata,Metro,23-03-2022
CUST-0476,Female,Pune,Metro,08-04-2022
CUST-0477,Male,Bangalore,Metro,21-09-2022
CUST-0478,Male,Ahmedabad,Non-Metro,07-06-2022
CUST-0479,Female,Ahmedabad,Non-Metro,16-02-2022
CUST-0480,Male,Kolkata,Metro,04-05-2022
CUST-0481,Female,Hyderabad,Metro,25-01-2022
CUST-0482,Female,Mumbai,Metro,11-09-2022
CUST-0483,Male,Jaipur,Non-Metro,27-05-2022
CUST-0484,Female,Lucknow,Non-Metro,25-02-2022
CUST-0485,Female,Kolkata,Metro,16-05-2022
CUST-0486,Male,Pune,Metro,07-07-2022
CUST-0487,Male,Mumbai,Metro,27-01-2022
CUST-0488,Female,Jaipur,Non-Metro,05-07-2022
CUST-0489,Female,Lucknow,Non-Metro,07-02-2022
CUST-0490,Male,Kolkata,Metro,09-10-2022
CUST-0491,Female,Chennai,Metro,07-03-2022
CUST-0492,Male,Delhi,Metro,11-07-2022
CUST-0493,Female,Pune,Metro,15-03-2022
CUST-0494,Male,Hyderabad,Metro,14-09-2022
CUST-0495,Female,Mumbai,Metro,20-01-2022
CUST-0496,Female,Bangalore,Metro,31-08-2022
CUST-0497,Male,Lucknow,Non-Metro,18-03-2022
CUST-0498,Female,Jaipur,Non-Metro,17-06-2022
CUST-0499,Female,Jaipur,Non-Metro,25-03-2022
CUST-0500,Female,Kolkata,Metro,31-10-2022
CUST-0501,Male,Pune,Metro,29-12-2022
CUST-0502,Female,Jaipur,Non-Metro,01-09-2022
CUST-0503,Female,Mumbai,Metro,19-06-2022
CUST-0504,Male,Delhi,Metro,26-10-2022
CUST-0505,Female,Chennai,Metro,02-11-2022
CUST-0506,Female,Ahmedabad,Non-Metro,02-12-2022
CUST-0507,Female,Jaipur,Non-Metro,27-01-2022
CUST-0508,Male,Jaipur,Non-Metro,29-03-2022
CUST-0509,Male,Lucknow,Non-Metro,17-03-2022
CUST-0510,Female,Hyderabad,Metro,21-10-2022
CUST-0511,Female,Delhi,Metro,10-01-2022
CUST-0512,Female,Ahmedabad,Non-Metro,03-08-2022
CUST-0513,Male,Bangalore,Metro,20-12-2022
CUST-0514,Male,Hyderabad,Metro,14-09-2022
CUST-0515,Male,Jaipur,Non-Metro,01-02-2022
CUST-0516,Female,Bangalore,Metro,15-10-2022
CUST-0517,Male,Pune,Metro,27-09-2022
CUST-0518,Female,Kolkata,Metro,30-03-2022
CUST-0519,Female,Ahmedabad,Non-Metro,07-10-2022
CUST-0520,Female,Pune,Metro,09-11-2022
CUST-0521,Female,Ahmedabad,Non-Metro,07-05-2022
CUST-0522,Female,Chennai,Metro,26-04-2022
CUST-0523,Female,Chennai,Metro,27-12-2022
CUST-0524,Male,Hyderabad,Metro,12-06-2022
CUST-0525,Female,Ahmedabad,Non-Metro,14-10-2022
CUST-0526,Female,Chennai,Metro,04-03-2022
CUST-0527,Male,Jaipur,Non-Metro,22-07-2022
CUST-0528,Female,Pune,Metro,29-05-2022
CUST-0529,Female,Mumbai,Metro,01-01-2023
CUST-0530,Female,Delhi,Metro,15-08-2022
CUST-0531,Male,Chennai,Metro,20-04-2022
CUST-0532,Female,Hyderabad,Metro,15-10-2022
CUST-0533,Female,Chennai,Metro,25-02-2022
CUST-0534,Female,Jaipur,Non-Metro,05-05-2022
CUST-0535,Female,Mumbai,Metro,23-11-2022
CUST-0536,Female,Hyderabad,Metro,21-02-2022
CUST-0537,Female,Kolkata,Metro,30-08-2022
CUST-0538,Female,Delhi,Metro,03-01-2022
CUST-0539,Female,Lucknow,Non-Metro,28-07-2022
CUST-0540,Male,Ahmedabad,Non-Metro,30-11-2022
CUST-0541,Female,Hyderabad,Metro,14-06-2022
CUST-0542,Female,Chennai,Metro,15-02-2022
CUST-0543,Female,Jaipur,Non-Metro,01-10-2022
CUST-0544,Female,Mumbai,Metro,02-08-2022
CUST-0545,Female,Bangalore,Metro,23-07-2022
CUST-0546,Female,Ahmedabad,Non-Metro,29-05-2022
CUST-0547,Female,Mumbai,Metro,02-06-2022
CUST-0548,Female,Jaipur,Non-Metro,21-06-2022
CUST-0549,Male,Chennai,Metro,25-11-2022
CUST-0550,Male,Lucknow,Non-Metro,10-03-2022
CUST-0551,Male,Lucknow,Non-Metro,20-05-2022
CUST-0552,Female,Hyderabad,Metro,19-06-2022
CUST-0553,Male,Bangalore,Metro,28-11-2022
CUST-0554,Female,Chennai,Metro,08-01-2022
CUST-0555,Female,Pune,Metro,18-10-2022
CUST-0556,Female,Hyderabad,Metro,09-11-2022
CUST-0557,Male,Kolkata,Metro,21-09-2022
CUST-0558,Female,Pune,Metro,25-07-2022
CUST-0559,Female,Delhi,Metro,13-03-2022
CUST-0560,Female,Ahmedabad,Non-Metro,08-05-2022
CUST-0561,Female,Mumbai,Metro,16-07-2022
CUST-0562,Male,Hyderabad,Metro,17-05-2022
CUST-0563,Female,Pune,Metro,26-10-2022
CUST-0564,Female,Jaipur,Non-Metro,14-05-2022
CUST-0565,Female,Pune,Metro,01-02-2022
CUST-0566,Male,Delhi,Metro,07-06-2022
CUST-0567,Male,Bangalore,Metro,18-12-2022
CUST-0568,Female,Lucknow,Non-Metro,20-12-2022
CUST-0569,Female,Delhi,Metro,08-07-2022
CUST-0570,Female,Jaipur,Non-Metro,23-04-2022
CUST-0571,Male,Bangalore,Metro,20-03-2022
CUST-0572,Female,Ahmedabad,Non-Metro,01-08-2022
CUST-0573,Male,Lucknow,Non-Metro,03-10-2022
CUST-0574,Female,Hyderabad,Metro,15-12-2022
CUST-0575,Female,Jaipur,Non-Metro,27-09-2022
CUST-0576,Female,Ahmedabad,Non-Metro,09-02-2022
CUST-0577,Female,Jaipur,Non-Metro,01-02-2022
CUST-0578,Female,Lucknow,Non-Metro,21-10-2022
CUST-0579,Female,Lucknow,Non-Metro,26-03-2022
CUST-0580,Male,Pune,Metro,01-03-2022
CUST-0581,Male,Hyderabad,Metro,16-02-2022
CUST-0582,Male,Lucknow,Non-Metro,29-01-2022
CUST-0583,Female,Ahmedabad,Non-Metro,20-09-2022
CUST-0584,Male,Kolkata,Metro,16-10-2022
CUST-0585,Male,Mumbai,Metro,11-12-2022
CUST-0586,Female,Chennai,Metro,22-07-2022
CUST-0587,Female,Chennai,Metro,22-04-2022
CUST-0588,Female,Jaipur,Non-Metro,24-01-2022
CUST-0589,Female,Kolkata,Metro,25-12-2022
CUST-0590,Female,Delhi,Metro,05-02-2022
CUST-0591,Female,Ahmedabad,Non-Metro,27-05-2022
CUST-0592,Female,Kolkata,Metro,11-03-2022
CUST-0593,Female,Kolkata,Metro,15-07-2022
CUST-0594,Male,Ahmedabad,Non-Metro,12-07-2022
CUST-0595,Female,Delhi,Metro,01-12-2022
CUST-0596,Female,Pune,Metro,02-04-2022
CUST-0597,Male,Lucknow,Non-Metro,28-09-2022
CUST-0598,Female,Bangalore,Metro,02-01-2022
CUST-0599,Female,Mumbai,Metro,26-08-2022
CUST-0600,Male,Lucknow,Non-Metro,30-09-2022
CUST-0601,Female,Kolkata,Metro,07-05-2022
CUST-0602,Female,Ahmedabad,Non-Metro,21-03-2022
CUST-0603,Female,Chennai,Metro,27-02-2022
CUST-0604,Male,Mumbai,Metro,11-11-2022
CUST-0605,Female,Mumbai,Metro,16-04-2022
CUST-0606,Female,Delhi,Metro,01-11-2022
CUST-0607,Male,Mumbai,Metro,03-11-2022
CUST-0608,Female,Mumbai,Metro,23-01-2022
CUST-0609,Male,Kolkata,Metro,30-04-2022
CUST-0610,Female,Lucknow,Non-Metro,29-01-2022
CUST-0611,Female,Bangalore,Metro,30-04-2022
CUST-0612,Female,Jaipur,Non-Metro,23-10-2022
CUST-0613,Female,Jaipur,Non-Metro,02-05-2022
CUST-0614,Female,Chennai,Metro,05-12-2022
CUST-0615,Female,Lucknow,Non-Metro,31-07-2022
CUST-0616,Female,Chennai,Metro,01-02-2022
CUST-0617,Female,Lucknow,Non-Metro,17-11-2022
CUST-0618,Male,Kolkata,Metro,25-01-2022
CUST-0619,Male,Pune,Metro,26-09-2022
CUST-0620,Male,Pune,Metro,29-07-2022
CUST-0621,Female,Bangalore,Metro,12-07-2022
CUST-0622,Male,Bangalore,Metro,04-05-2022
CUST-0623,Female,Hyderabad,Metro,29-12-2022
CUST-0624,Male,Bangalore,Metro,30-01-2022
CUST-0625,Male,Lucknow,Non-Metro,02-08-2022
CUST-0626,Female,Lucknow,Non-Metro,18-07-2022
CUST-0627,Female,Hyderabad,Metro,15-04-2022
CUST-0628,Female,Pune,Metro,19-08-2022
CUST-0629,Female,Pune,Metro,02-10-2022
CUST-0630,Female,Hyderabad,Metro,18-05-2022
CUST-0631,Female,Kolkata,Metro,07-02-2022
CUST-0632,Female,Hyderabad,Metro,03-09-2022
CUST-0633,Female,Hyderabad,Metro,05-06-2022
CUST-0634,Female,Mumbai,Metro,08-04-2022
CUST-0635,Male,Delhi,Metro,05-05-2022
CUST-0636,Female,Jaipur,Non-Metro,23-07-2022
CUST-0637,Female,Hyderabad,Metro,25-05-2022
CUST-0638,Male,Kolkata,Metro,01-10-2022
CUST-0639,Female,Pune,Metro,14-05-2022
CUST-0640,Male,Pune,Metro,27-08-2022
CUST-0641,Male,Delhi,Metro,13-06-2022
CUST-0642,Female,Hyderabad,Metro,10-06-2022
CUST-0643,Female,Kolkata,Metro,16-10-2022
CUST-0644,Female,Hyderabad,Metro,09-01-2022
CUST-0645,Male,Chennai,Metro,01-06-2022
CUST-0646,Female,Bangalore,Metro,18-06-2022
CUST-0647,Male,Hyderabad,Metro,19-10-2022
CUST-0648,Male,Hyderabad,Metro,09-10-2022
CUST-0649,Female,Pune,Metro,08-09-2022
CUST-0650,Male,Ahmedabad,Non-Metro,28-03-2022
CUST-0651,Female,Pune,Metro,13-03-2022
CUST-0652,Male,Lucknow,Non-Metro,05-04-2022
CUST-0653,Female,Lucknow,Non-Metro,26-09-2022
CUST-0654,Female,Mumbai,Metro,09-12-2022
CUST-0655,Female,Mumbai,Metro,31-07-2022
CUST-0656,Female,Bangalore,Metro,04-02-2022
CUST-0657,Female,Bangalore,Metro,22-04-2022
CUST-0658,Male,Lucknow,Non-Metro,11-07-2022
CUST-0659,Male,Mumbai,Metro,04-12-2022
CUST-0660,Female,Ahmedabad,Non-Metro,04-01-2022
CUST-0661,Male,Lucknow,Non-Metro,07-01-2022
CUST-0662,Female,Mumbai,Metro,02-10-2022
CUST-0663,Female,Chennai,Metro,15-09-2022
CUST-0664,Female,Kolkata,Metro,24-02-2022
CUST-0665,Female,Delhi,Metro,04-05-2022
CUST-0666,Female,Hyderabad,Metro,01-07-2022
CUST-0667,Male,Chennai,Metro,10-02-2022
CUST-0668,Male,Pune,Metro,24-08-2022
CUST-0669,Female,Jaipur,Non-Metro,23-12-2022
CUST-0670,Female,Hyderabad,Metro,17-12-2022
CUST-0671,Female,Delhi,Metro,17-02-2022
CUST-0672,Male,Kolkata,Metro,13-07-2022
CUST-0673,Male,Lucknow,Non-Metro,29-01-2022
CUST-0674,Female,Mumbai,Metro,12-02-2022
CUST-0675,Male,Ahmedabad,Non-Metro,27-11-2022
CUST-0676,Female,Pune,Metro,28-09-2022
CUST-0677,Female,Mumbai,Metro,19-04-2022
CUST-0678,Male,Jaipur,Non-Metro,19-05-2022
CUST-0679,Female,Mumbai,Metro,17-12-2022
CUST-0680,Female,Chennai,Metro,02-04-2022
CUST-0681,Female,Pune,Metro,17-04-2022
CUST-0682,Female,Jaipur,Non-Metro,31-12-2022
CUST-0683,Female,Kolkata,Metro,03-06-2022
CUST-0684,Female,Bangalore,Metro,18-10-2022
CUST-0685,Female,Kolkata,Metro,16-07-2022
CUST-0686,Female,Bangalore,Metro,14-09-2022
CUST-0687,Female,Pune,Metro,20-02-2022
CUST-0688,Female,Kolkata,Metro,08-02-2022
CUST-0689,Male,Pune,Metro,17-06-2022
CUST-0690,Female,Mumbai,Metro,19-08-2022
CUST-0691,Female,Ahmedabad,Non-Metro,02-07-2022
CUST-0692,Male,Lucknow,Non-Metro,10-08-2022
CUST-0693,Male,Bangalore,Metro,13-02-2022
CUST-0694,Female,Jaipur,Non-Metro,07-05-2022
CUST-0695,Female,Delhi,Metro,18-05-2022
CUST-0696,Male,Bangalore,Metro,31-12-2022
CUST-0697,Male,Bangalore,Metro,12-06-2022
CUST-0698,Female,Pune,Metro,16-02-2022
CUST-0699,Female,Mumbai,Metro,16-08-2022
CUST-0700,Female,Pune,Metro,22-02-2022
CUST-0701,Female,Bangalore,Metro,06-04-2022
CUST-0702,Male,Kolkata,Metro,13-10-2022
CUST-0703,Male,Lucknow,Non-Metro,22-02-2022
CUST-0704,Female,Mumbai,Metro,01-07-2022
CUST-0705,Female,Lucknow,Non-Metro,02-11-2022
CUST-0706,Female,Jaipur,Non-Metro,17-07-2022
CUST-0707,Female,Mumbai,Metro,31-07-2022
CUST-0708,Female,Kolkata,Metro,14-10-2022
CUST-0709,Female,Hyderabad,Metro,17-12-2022
CUST-0710,Female,Kolkata,Metro,13-03-2022
CUST-0711,Female,Chennai,Metro,18-05-2022
CUST-0712,Female,Ahmedabad,Non-Metro,02-02-2022
CUST-0713,Male,Bangalore,Metro,22-05-2022
CUST-0714,Female,Kolkata,Metro,05-09-2022
CUST-0715,Female,Delhi,Metro,09-05-2022
CUST-0716,Male,Hyderabad,Metro,01-11-2022
CUST-0717,Female,Jaipur,Non-Metro,23-08-2022
CUST-0718,Female,Delhi,Metro,05-06-2022
CUST-0719,Male,Mumbai,Metro,20-06-2022
CUST-0720,Male,Jaipur,Non-Metro,18-06-2022
CUST-0721,Female,Ahmedabad,Non-Metro,09-08-2022
CUST-0722,Female,Jaipur,Non-Metro,03-06-2022
CUST-0723,Female,Pune,Metro,03-09-2022
CUST-0724,Female,Pune,Metro,23-07-2022
CUST-0725,Female,Pune,Metro,22-12-2022
CUST-0726,Female,Ahmedabad,Non-Metro,16-06-2022
CUST-0727,Female,Kolkata,Metro,21-07-2022
CUST-0728,Female,Pune,Metro,16-10-2022
CUST-0729,Female,Hyderabad,Metro,16-12-2022
CUST-0730,Female,Lucknow,Non-Metro,25-08-2022
CUST-0731,Male,Hyderabad,Metro,30-05-2022
CUST-0732,Male,Delhi,Metro,11-12-2022
CUST-0733,Female,Ahmedabad,Non-Metro,21-11-2022
CUST-0734,Female,Chennai,Metro,10-05-2022
CUST-0735,Male,Bangalore,Metro,13-07-2022
CUST-0736,Male,Delhi,Metro,03-11-2022
CUST-0737,Male,Ahmedabad,Non-Metro,01-10-2022
CUST-0738,Male,Lucknow,Non-Metro,06-10-2022
CUST-0739,Female,Mumbai,Metro,26-12-2022
CUST-0740,Female,Lucknow,Non-Metro,25-02-2022
CUST-0741,Female,Hyderabad,Metro,27-03-2022
CUST-0742,Female,Jaipur,Non-Metro,16-10-2022
CUST-0743,Female,Kolkata,Metro,09-08-2022
CUST-0744,Female,Delhi,Metro,20-02-2022
CUST-0745,Female,Chennai,Metro,19-09-2022
CUST-0746,Female,Lucknow,Non-Metro,17-08-2022
CUST-0747,Male,Pune,Metro,26-08-2022
CUST-0748,Female,Jaipur,Non-Metro,26-06-2022
CUST-0749,Male,Mumbai,Metro,23-02-2022
CUST-0750,Male,Chennai,Metro,13-02-2022
CUST-0751,Female,Delhi,Metro,28-06-2022
CUST-0752,Female,Chennai,Metro,22-08-2022
CUST-0753,Male,Hyderabad,Metro,28-06-2022
CUST-0754,Female,Ahmedabad,Non-Metro,13-08-2022
CUST-0755,Female,Ahmedabad,Non-Metro,04-02-2022
CUST-0756,Female,Chennai,Metro,30-12-2022
CUST-0757,Female,Delhi,Metro,25-06-2022
CUST-0758,Female,Delhi,Metro,05-05-2022
CUST-0759,Female,Lucknow,Non-Metro,10-10-2022
CUST-0760,Female,Bangalore,Metro,14-10-2022
CUST-0761,Male,Kolkata,Metro,29-04-2022
CUST-0762,Female,Kolkata,Metro,06-04-2022
CUST-0763,Male,Kolkata,Metro,15-01-2022
CUST-0764,Female,Jaipur,Non-Metro,19-08-2022
CUST-0765,Male,Jaipur,Non-Metro,19-07-2022
CUST-0766,Female,Mumbai,Metro,16-04-2022
CUST-0767,Female,Chennai,Metro,23-10-2022
CUST-0768,Female,Delhi,Metro,07-07-2022
CUST-0769,Female,Pune,Metro,23-08-2022
CUST-0770,Female,Delhi,Metro,10-12-2022
CUST-0771,Female,Ahmedabad,Non-Metro,02-11-2022
CUST-0772,Male,Kolkata,Metro,28-10-2022
CUST-0773,Female,Delhi,Metro,30-06-2022
CUST-0774,Female,Ahmedabad,Non-Metro,11-12-2022
CUST-0775,Female,Chennai,Metro,11-12-2022
CUST-0776,Female,Bangalore,Metro,02-03-2022
CUST-0777,Female,Hyderabad,Metro,01-03-2022
CUST-0778,Female,Bangalore,Metro,22-12-2022
CUST-0779,Male,Bangalore,Metro,03-08-2022
CUST-0780,Female,Jaipur,Non-Metro,22-10-2022
CUST-0781,Male,Kolkata,Metro,06-04-2022
CUST-0782,Female,Ahmedabad,Non-Metro,12-10-2022
CUST-0783,Male,Bangalore,Metro,28-05-2022
CUST-0784,Female,Bangalore,Metro,11-06-2022
CUST-0785,Female,Ahmedabad,Non-Metro,03-07-2022
CUST-0786,Male,Mumbai,Metro,11-03-2022
CUST-0787,Male,Hyderabad,Metro,15-10-2022
CUST-0788,Male,Lucknow,Non-Metro,29-07-2022
CUST-0789,Male,Ahmedabad,Non-Metro,30-12-2022
CUST-0790,Male,Ahmedabad,Non-Metro,27-03-2022
CUST-0791,Female,Delhi,Metro,23-04-2022
CUST-0792,Female,Chennai,Metro,21-05-2022
CUST-0793,Female,Hyderabad,Metro,28-03-2022
CUST-0794,Male,Ahmedabad,Non-Metro,09-10-2022
CUST-0795,Female,Lucknow,Non-Metro,21-10-2022
CUST-0796,Female,Delhi,Metro,06-10-2022
CUST-0797,Female,Pune,Metro,14-08-2022
CUST-0798,Female,Lucknow,Non-Metro,06-08-2022
CUST-0799,Female,Delhi,Metro,02-06-2022
CUST-0800,Male,Mumbai,Metro,15-05-2022
CUST-0801,Female,Pune,Metro,13-08-2022
CUST-0802,Female,Delhi,Metro,18-04-2022
CUST-0803,Female,Jaipur,Non-Metro,30-12-2022
CUST-0804,Male,Jaipur,Non-Metro,26-03-2022
CUST-0805,Female,Jaipur,Non-Metro,16-04-2022
CUST-0806,Female,Hyderabad,Metro,19-10-2022
CUST-0807,Female,Pune,Metro,02-11-2022
CUST-0808,Female,Lucknow,Non-Metro,15-06-2022
CUST-0809,Female,Chennai,Metro,21-10-2022
CUST-0810,Female,Chennai,Metro,11-03-2022
CUST-0811,Female,Kolkata,Metro,22-05-2022
CUST-0812,Female,Bangalore,Metro,08-05-2022
CUST-0813,Female,Bangalore,Metro,07-05-2022
CUST-0814,Male,Kolkata,Metro,14-03-2022
CUST-0815,Female,Jaipur,Non-Metro,18-11-2022
CUST-0816,Male,Kolkata,Metro,20-08-2022
CUST-0817,Female,Delhi,Metro,26-07-2022
CUST-0818,Female,Lucknow,Non-Metro,22-12-2022
CUST-0819,Male,Pune,Metro,07-09-2022
CUST-0820,Female,Pune,Metro,17-02-2022
CUST-0821,Female,Ahmedabad,Non-Metro,02-02-2022
CUST-0822,Male,Lucknow,Non-Metro,22-04-2022
CUST-0823,Female,Kolkata,Metro,11-09-2022
CUST-0824,Female,Chennai,Metro,26-05-2022
CUST-0825,Female,Pune,Metro,17-10-2022
CUST-0826,Female,Ahmedabad,Non-Metro,16-12-2022
CUST-0827,Female,Mumbai,Metro,20-02-2022
CUST-0828,Female,Ahmedabad,Non-Metro,05-03-2022
CUST-0829,Male,Bangalore,Metro,22-08-2022
CUST-0830,Male,Mumbai,Metro,14-04-2022
CUST-0831,Female,Bangalore,Metro,23-03-2022
CUST-0832,Female,Chennai,Metro,02-12-2022
CUST-0833,Female,Pune,Metro,12-02-2022
CUST-0834,Female,Pune,Metro,27-01-2022
CUST-0835,Female,Kolkata,Metro,25-12-2022
CUST-0836,Male,Hyderabad,Metro,02-12-2022
CUST-0837,Female,Delhi,Metro,01-01-2022
CUST-0838,Male,Hyderabad,Metro,09-02-2022
CUST-0839,Female,Bangalore,Metro,23-09-2022
CUST-0840,Female,Ahmedabad,Non-Metro,05-01-2022
CUST-0841,Female,Pune,Metro,05-08-2022
CUST-0842,Male,Bangalore,Metro,06-02-2022
CUST-0843,Male,Hyderabad,Metro,15-02-2022
CUST-0844,Female,Delhi,Metro,10-06-2022
CUST-0845,Female,Pune,Metro,12-03-2022
CUST-0846,Female,Kolkata,Metro,25-11-2022
CUST-0847,Female,Bangalore,Metro,29-09-2022
CUST-0848,Female,Jaipur,Non-Metro,09-11-2022
CUST-0849,Male,Bangalore,Metro,29-06-2022
CUST-0850,Female,Hyderabad,Metro,30-07-2022
CUST-0851,Male,Jaipur,Non-Metro,22-04-2022
CUST-0852,Female,Delhi,Metro,13-03-2022
CUST-0853,Male,Delhi,Metro,29-06-2022
CUST-0854,Female,Kolkata,Metro,13-03-2022
CUST-0855,Female,Hyderabad,Metro,27-11-2022
CUST-0856,Female,Delhi,Metro,11-10-2022
CUST-0857,Female,Jaipur,Non-Metro,20-12-2022
CUST-0858,Female,Mumbai,Metro,16-04-2022
CUST-0859,Female,Lucknow,Non-Metro,20-07-2022
CUST-0860,Female,Chennai,Metro,03-05-2022
CUST-0861,Male,Ahmedabad,Non-Metro,27-02-2022
CUST-0862,Male,Hyderabad,Metro,23-11-2022
CUST-0863,Female,Jaipur,Non-Metro,28-09-2022
CUST-0864,Female,Mumbai,Metro,12-06-2022
CUST-0865,Male,Bangalore,Metro,19-10-2022
CUST-0866,Female,Kolkata,Metro,07-10-2022
CUST-0867,Male,Bangalore,Metro,07-02-2022
CUST-0868,Female,Mumbai,Metro,08-01-2022
CUST-0869,Female,Chennai,Metro,21-01-2022
CUST-0870,Male,Mumbai,Metro,17-09-2022
CUST-0871,Male,Chennai,Metro,05-08-2022
CUST-0872,Female,Kolkata,Metro,24-11-2022
CUST-0873,Female,Lucknow,Non-Metro,23-05-2022
CUST-0874,Female,Delhi,Metro,10-02-2022
CUST-0875,Female,Lucknow,Non-Metro,21-03-2022
CUST-0876,Female,Lucknow,Non-Metro,20-07-2022
CUST-0877,Female,Jaipur,Non-Metro,08-06-2022
CUST-0878,Female,Kolkata,Metro,30-01-2022
CUST-0879,Female,Hyderabad,Metro,11-08-2022
CUST-0880,Male,Delhi,Metro,10-11-2022
CUST-0881,Female,Jaipur,Non-Metro,08-06-2022
CUST-0882,Female,Bangalore,Metro,07-01-2022
CUST-0883,Female,Bangalore,Metro,25-03-2022
CUST-0884,Female,Ahmedabad,Non-Metro,25-09-2022
CUST-0885,Female,Lucknow,Non-Metro,27-03-2022
CUST-0886,Female,Pune,Metro,18-05-2022
CUST-0887,Female,Delhi,Metro,21-06-2022
CUST-0888,Female,Kolkata,Metro,26-09-2022
CUST-0889,Female,Delhi,Metro,31-12-2022
CUST-0890,Female,Jaipur,Non-Metro,12-09-2022
CUST-0891,Female,Ahmedabad,Non-Metro,29-01-2022
CUST-0892,Female,Ahmedabad,Non-Metro,08-07-2022
CUST-0893,Female,Bangalore,Metro,22-02-2022
CUST-0894,Female,Jaipur,Non-Metro,27-04-2022
CUST-0895,Female,Lucknow,Non-Metro,23-01-2022
CUST-0896,Female,Mumbai,Metro,24-01-2022
CUST-0897,Female,Ahmedabad,Non-Metro,16-07-2022
CUST-0898,Female,Bangalore,Metro,19-01-2022
CUST-0899,Male,Lucknow,Non-Metro,25-04-2022
CUST-0900,Female,Pune,Metro,02-08-2022
CUST-0901,Female,Pune,Metro,09-02-2022
CUST-0902,Female,Jaipur,Non-Metro,03-03-2022
CUST-0903,Female,Lucknow,Non-Metro,02-04-2022
CUST-0904,Female,Hyderabad,Metro,25-07-2022
CUST-0905,Male,Delhi,Metro,25-05-2022
CUST-0906,Female,Chennai,Metro,14-02-2022
CUST-0907,Male,Lucknow,Non-Metro,05-01-2022
CUST-0908,Female,Pune,Metro,30-05-2022
CUST-0909,Female,Jaipur,Non-Metro,15-11-2022
CUST-0910,Male,Hyderabad,Metro,08-07-2022
CUST-0911,Male,Jaipur,Non-Metro,11-04-2022
CUST-0912,Female,Lucknow,Non-Metro,19-03-2022
CUST-0913,Male,Mumbai,Metro,13-01-2022
CUST-0914,Female,Hyderabad,Metro,22-11-2022
CUST-0915,Female,Mumbai,Metro,01-01-2022
CUST-0916,Female,Kolkata,Metro,23-02-2022
CUST-0917,Female,Hyderabad,Metro,03-08-2022
CUST-0918,Female,Ahmedabad,Non-Metro,14-03-2022
CUST-0919,Female,Chennai,Metro,23-01-2022
CUST-0920,Male,Hyderabad,Metro,25-12-2022
CUST-0921,Male,Pune,Metro,13-02-2022
CUST-0922,Female,Jaipur,Non-Metro,16-09-2022
CUST-0923,Male,Bangalore,Metro,08-02-2022
CUST-0924,Female,Jaipur,Non-Metro,11-08-2022
CUST-0925,Female,Bangalore,Metro,30-05-2022
CUST-0926,Female,Chennai,Metro,21-07-2022
CUST-0927,Female,Pune,Metro,20-08-2022
CUST-0928,Female,Chennai,Metro,08-02-2022
CUST-0929,Female,Hyderabad,Metro,27-10-2022
CUST-0930,Female,Delhi,Metro,24-02-2022
CUST-0931,Male,Bangalore,Metro,27-08-2022
CUST-0932,Male,Pune,Metro,03-03-2022
CUST-0933,Female,Lucknow,Non-Metro,17-04-2022
CUST-0934,Female,Ahmedabad,Non-Metro,26-08-2022
CUST-0935,Female,Chennai,Metro,16-02-2022
CUST-0936,Female,Bangalore,Metro,27-12-2022
CUST-0937,Female,Jaipur,Non-Metro,21-04-2022
CUST-0938,Female,Pune,Metro,16-02-2022
CUST-0939,Female,Hyderabad,Metro,22-07-2022
CUST-0940,Female,Lucknow,Non-Metro,13-12-2022
CUST-0941,Female,Chennai,Metro,31-03-2022
CUST-0942,Male,Mumbai,Metro,20-08-2022
CUST-0943,Female,Lucknow,Non-Metro,18-02-2022
CUST-0944,Female,Ahmedabad,Non-Metro,13-03-2022
CUST-0945,Female,Delhi,Metro,01-02-2022
CUST-0946,Female,Hyderabad,Metro,12-04-2022
CUST-0947,Female,Kolkata,Metro,18-12-2022
CUST-0948,Female,Delhi,Metro,08-02-2022
CUST-0949,Female,Mumbai,Metro,12-04-2022
CUST-0950,Female,Ahmedabad,Non-Metro,17-02-2022
CUST-0951,Female,Pune,Metro,22-01-2022
CUST-0952,Female,Ahmedabad,Non-Metro,28-03-2022
CUST-0953,Male,Jaipur,Non-Metro,22-07-2022
CUST-0954,Female,Ahmedabad,Non-Metro,15-07-2022
CUST-0955,Female,Kolkata,Metro,01-07-2022
CUST-0956,Female,Hyderabad,Metro,21-05-2022
CUST-0957,Male,Chennai,Metro,18-03-2022
CUST-0958,Female,Mumbai,Metro,28-11-2022
CUST-0959,Male,Chennai,Metro,30-07-2022
CUST-0960,Male,Lucknow,Non-Metro,01-02-2022
CUST-0961,Female,Delhi,Metro,16-07-2022
CUST-0962,Male,Bangalore,Metro,13-04-2022
CUST-0963,Female,Lucknow,Non-Metro,19-11-2022
CUST-0964,Female,Lucknow,Non-Metro,15-07-2022
CUST-0965,Male,Pune,Metro,06-10-2022
CUST-0966,Female,Ahmedabad,Non-Metro,17-10-2022
CUST-0967,Female,Lucknow,Non-Metro,18-07-2022
CUST-0968,Female,Chennai,Metro,14-01-2022
CUST-0969,Female,Pune,Metro,16-01-2022
CUST-0970,Female,Chennai,Metro,30-08-2022
CUST-0971,Female,Lucknow,Non-Metro,27-10-2022
CUST-0972,Female,Hyderabad,Metro,21-02-2022
CUST-0973,Female,Hyderabad,Metro,17-05-2022
CUST-0974,Female,Lucknow,Non-Metro,23-04-2022
CUST-0975,Male,Jaipur,Non-Metro,01-07-2022
CUST-0976,Female,Bangalore,Metro,02-05-2022
CUST-0977,Female,Jaipur,Non-Metro,24-12-2022
CUST-0978,Female,Pune,Metro,27-12-2022
CUST-0979,Female,Pune,Metro,16-10-2022
CUST-0980,Male,Hyderabad,Metro,05-10-2022
CUST-0981,Female,Chennai,Metro,09-09-2022
CUST-0982,Female,Mumbai,Metro,29-01-2022
CUST-0983,Female,Hyderabad,Metro,11-01-2022
CUST-0984,Male,Lucknow,Non-Metro,01-01-2022
CUST-0985,Female,Pune,Metro,08-03-2022
CUST-0986,Female,Pune,Metro,15-06-2022
CUST-0987,Female,Mumbai,Metro,17-03-2022
CUST-0988,Female,Jaipur,Non-Metro,26-02-2022
CUST-0989,Female,Lucknow,Non-Metro,07-02-2022
CUST-0990,Male,Pune,Metro,28-10-2022
CUST-0991,Female,Delhi,Metro,04-06-2022
CUST-0992,Female,Pune,Metro,22-03-2022
CUST-0993,Male,Kolkata,Metro,29-11-2022
CUST-0994,Female,Pune,Metro,29-12-2022
CUST-0995,Female,Lucknow,Non-Metro,25-04-2022
CUST-0996,Female,Jaipur,Non-Metro,13-07-2022
CUST-0997,Female,Chennai,Metro,07-03-2022
CUST-0998,Female,Bangalore,Metro,26-12-2022
CUST-0999,Male,Jaipur,Non-Metro,18-10-2022
CUST-1000,Female,Mumbai,Metro,05-11-2022
